﻿{
    "latitude":  29.767237,
    "longitude":  -95.35445,
    "generationtime_ms":  0.2739429473876953,
    "utc_offset_seconds":  -18000,
    "timezone":  "America/Chicago",
    "timezone_abbreviation":  "GMT-5",
    "elevation":  15.0,
    "daily_units":  {
                        "time":  "iso8601",
                        "temperature_2m_max":  "°C",
                        "temperature_2m_min":  "°C",
                        "precipitation_sum":  "mm",
                        "weathercode":  "wmo code"
                    },
    "daily":  {
                  "time":  [
                               "2025-10-23",
                               "2025-10-24",
                               "2025-10-25",
                               "2025-10-26",
                               "2025-10-27",
                               "2025-10-28",
                               "2025-10-29"
                           ],
                  "temperature_2m_max":  [
                                             27.8,
                                             28.0,
                                             24.5,
                                             33.0,
                                             34.0,
                                             32.9,
                                             26.1
                                         ],
                  "temperature_2m_min":  [
                                             18.7,
                                             20.3,
                                             18.4,
                                             22.5,
                                             23.5,
                                             24.2,
                                             18.7
                                         ],
                  "precipitation_sum":  [
                                            0.00,
                                            0.00,
                                            41.30,
                                            9.70,
                                            0.30,
                                            0.00,
                                            0.00
                                        ],
                  "weathercode":  [
                                      3,
                                      3,
                                      81,
                                      81,
                                      51,
                                      3,
                                      0
                                  ]
              }
}
